characters,pinyin,meaning
车程,chēchéng,mileage
席,xí,m.[general]
郊遊,jiāoyóu,"outing, excursion"
侵蚀,qīnshí,"corrode, erode"
郊遊,jiāoyóu,"outing, excursion"
出口,chūkǒu,exit
元帅,yuánshuài,"marshal, supreme commander"
外语,wàiyǔ,foreign language
大势,dàshì,"general trend, general trend of events"
升等,shēngděng,go up (in grade/etc.)
工商,gōngshāng,industry and commerce
上空,shàngkōng,"in the sky, overhead"
久久,jiǔjiǔ,"for a long, long time, for a long long time"
不复,búfù,"no more, no longer, more"
礼貌,lǐmào,"courtesy, politeness, manners"
读取,dúqǔ,access
稳定性,wěndìngxìng,"stability, stabilization"
工学院,gōngxuéyuàn,"institute of polytechnic, college of engineering, polytechnic"
生物学,shēngwùxué,biology
大使,dàshǐ,"elchee, embassador, ambassadorial, nuncio, ambassadorship, ambassador"
出狱,chūyū,get out of jail
用意,yòngyì,"intention, purpose"
北医,běiyī,Taipei Medical College
内湖,nèihú,Nei hu
二来,èrlái,conj.: in the second place
口水,kǒushuǐ,"spit, slobber, drivel, spittle, saliva, slaver, drool, dribble"
颠覆,diānfù,"overturn, subvert"
叙述,xùshù,"consideration, delineation, depiction, description"
专人,zhuānrén,person specially assigned for a task/job
闭,bì,"shut, stop, close, stop up, obstruct, switch off, obstruction, turn off, seel"
排放,páifàng,"discharge, drain off (gas/etc.)"
马达,mǎdá,motor
气味,qìwèi,"tang, wind, odor, savor, aurae, tint, flavor, leavening, savour, flavour, leaven, odour, aura, smatch, tinge, smell, smack, scent, taste"
效力,xiàolì,effect
高尔夫球,gāoěrfūqiú,golf ball
终点,zhōngdiǎn,"terminal point, destination, finish line"
教职员,jiàozhíyuán,teaching and administrative staff
桌椅,zhuōyǐ,ordinary household furniture
除去,chúqù,eliminate
卷入,juǎnrù,"be drawn into, be involved in"
高贵,gāoguì,"noble, high"
得多,de5duō,more
连署,liánshǔ,"countersign, cosignatory, sign jointly, cosign"
探望,tànwàng,"look about, visit"
动乱,dòngluàn,"turmoil, upheaval, disturbance"
追随,zhuīsuí,follow
音效,yīnxiào,sound effects
治理,zhìlǐ,"administer, govern, bring under control, put in order"
拖延,tuōyán,"delay, put off"
标签,biāoqiān,"mark, ticket, gummed label, tab, markup, sticker, label, tally, tag"
噁心,ěxīn,"vomit, keck, retch, turn sick, feel nauseated, nauseous, sicken, disgusting"
排放,páifàng,"discharge, drain off (gas/etc.)"
就学,jiùxué,attend school
涨价,zhǎngjià,rise in price
导入,dǎorù,introduce
记忆,jìyì,"remember, recall"
智障,zhìzhàng,retarded
闻,wén,hear
称呼,chēnghū,"call, address"
就学,jiùxué,attend school
进驻,jìnzhù,enter and garrison or be stationed
汇整,huìzhěng,"collect, gather"
悲惨,bēicǎn,"tragic, pathetic, miserable"
逼近,bījìn,"press on towards, approach"
雇主,gùzhǔ,"gaffer, beanfeast, master, governor, boss, employer, hirer"
新郎,xīnláng,"groom, bridegroom"
温泉,wēnquán,"hot_spring, watering_place, thermae, thermal spring, hot spring"
维也纳,wéiyěnà,"capital of Austria, Austrian capital, Vienna"
落下,luòxià,fall/lag behind
农产品,nóngchǎnpǐn,"agricultural products, farm produce"
喜剧,xǐjù,"Thalia, comedy, sock"
聘,pìn,"engage, invite"
脑部,nǎobù,head
痛心,tòngxīn,"lacerate, pained, harrowing, grieved, distressed, deplore"
逼近,bījìn,"press on towards, approach"
落入,luòrù,fall in
碎,suì,"break to pieces, break ... to pieces, garrulous, smash, knap, crumble, gabby, fragmentary, batter, broken"
散文,sǎnwén,prose
指向,zhǐxiàng,"head, point to, hold, point, maneuver, direct, steer, gear, pitch, manouevre, guide"
修正案,xiūzhēngàn,"revised draft, amendment"
空运,kōngyùn,air transport
爬上,páshàng,"get on, bestride, jump on, climb, mount up, hop on, mount, clamber, get_on, climb on"
哈萨克,hāsàkè,"Kazakhstan, Kazak nationality, Kazakh, Kazak(h) ethnic minority (in NW China and former USSR), Kazakstan, Kazak"
肥胖,féipàng,"fat, corpulent"
返乡,fǎnxiāng,return to one's native place
肥胖,féipàng,"fat, corpulent"
个子,gèzi5,"height, stature, build"
辛劳,xīnláo,toil
防卫,fángwèi,defend
抛弃,pāoqì,"dispose, cast aside, toss away, toss, lurch, throw out, put away, reject, abandonment, chuck, ditch, jettison, slough, renounce, flee, throw away, give up, desert, cast out, desolate, doff, chuck_out, fling, jilt, forgo, chuck out, discard, abandon, toss out, cast away, forsake"
好评,hǎopíng,"reputation, high opinion, favorable comment, conceit, favorable review, esteem"
快活,kuàihuó,"merry, cheerful, liven, jaunty, jolly, brighten, happy"
延揽,yánlǎn,recruit talent
依序,yīxù,"in_order, in turn, sequentially, consecutive, in proper order"
辛劳,xīnláo,toil
延揽,yánlǎn,recruit talent
扶,fú,"support, straighten ... up, support with the hand, place a hand on, help sb. up, relief, relieve, straighten sth. up, help ... up, help, support with hand"
字符,zìfú,"word-symbol, character"
佳人,jiārén,"looker, peach, knockout, mantrap, dish, sweetheart, lulu, beautiful woman, stunner, beauty, sparkler, smasher"
步入,bùrù,"go into, walk into"
利器,lìqì,"sharp weapon, good tool, efficient instrument"
花样,huāyàng,"pattern, variety"
好用,hǎoyòng,practical
名片,míngpiàn,"visiting_card, calling card, card, pasteboard, visiting card, carte, namecard, calling_card, visiting"
拖延,tuōyán,"delay, put off"
相片,xiàngpiàn,"exposure, print, semblance, likeness, photo, photograph, photographic print"
返乡,fǎnxiāng,return to one's native place
茁壮,zhuózhuàng,"build_up, sturdy, build up"
指控,zhǐkòng,"accuse, charge"
拍片,pāipiàn,"shoot a film, film, shooting, shoot film"
香烟,xiāngyān,"cigarette, incense smoke"
南投县,nántóuxiàn,Nantou County
致命,zhìmìng,"take off, fatal, deadly, mortal"
空运,kōngyùn,air transport
欣慰,xīnwèi,"delighted, be gratified"
穿越,chuānyuè,"cut, pass through, cut across, cross"
小弟,xiǎodì,"little brother, male waiter"
月经,yuèjīng,"period, catamenia, curse, menstruous, menstrual, menses, emmenia, menstruation, monthly, flow, turn"
公私立,gōngsīlì,publicly and privately run
公害,gōnghài,"public nuisance, nuisance, social effects of pollution, environmental pollution"
共襄盛举,gòngxiāngshèngjǔ,assist something together
再三,zàisān,"repeatedly, again and again, over and over again, thrice, time and again"
不须,bùxū,"need not, not have to"
出狱,chūyū,get out of jail
大四,dàsì,"fourth year class, upper class"
公众,gōngzhòng,"community, the public, masses, the people, public"
人民币,rénmínbì,"RMB, PRC currency"
撤销,chèxiāo,"cancel, rescind, revoke"
鼻咽癌,bíyānyán,"nasopharyngeal darcinoma, rhinopharyngocele"
德州,dézhōu,"Lone-Star State, Texas, Dezhou"
扑,pū,"pat, attack, throw oneself at, rush at, tap, beat, dab, bend over, pounce on, lie_down, throw oneself on, flap, flutter, fling self at"
撤销,chèxiāo,"cancel, rescind, revoke"
凭藉,píngjiè,rely/depend on
头顶,tóudǐng,"crown of head, head, crown, top/crown of head, top of head, top, vertex, calvaria, pate, poll"
涨价,zhǎngjià,rise in price
小心翼翼,xiǎoxīnyìyì,"with great care, cautiously"
公吨,gōngdùn,m.[standard]
滥用,lànyòng,"abuse, misuse"
凭藉,píngjiè,rely/depend on
摘要,zhāiyào,"summary, abstract"
出卖,chūmài,"sell_out, traffic, sell out, barter_away, peach, sell sb. down the river, lead astray, betray, sell, betrayal, go_back_on, offer for sale, double-cross, deceive"
坏,huài,"bad, evil, harmful"
论语,lúnyǔ,"{The Analects}, {The (Confucian) Analects}, The Analects of Confucius"
凭藉,píngjiè,rely/depend on
宠物,chǒngwù,pet
购置,gòuzhì,purchase (durables)
怀抱,huáibào,"ambition, embrace"
双打,shuāngdǎ,"foursome, doubles"
归属,guīshǔ,belong to
镇民,zhènmín,"burgess, villager, townsman, townsfolk, town, towner, townee, burgher, townspeople"
转播,zhuǎnbò,relay (radio/TV broadcast)
转动,zhuǎndòng,"turn (round), move"
不忍,bùrěn,cannot bear to
系,xì,gird
干扰,gānrǎo,"interference, jam"
考绩,kǎojī,merit
不觉,bùjué,"unconsciously, unaware"
入选,rùxuǎn,"select, be selected, be chosen"
出家,chūjiā,"become nun, cloister, nun, become a monk or nun, become monk"
会计师,kuàijìshī,"controller, comptroller, chartered accountant, accountant"
损害,sǔnhài,"injury, damage"
请来,qǐnglái,invite
趁机,chènjī,"seizing the chance, take advantage of occasion, taking advantage of the occasion, seize chance"
资本额,zīběné,capitalization
新颖,xīnyǐng,"new and original, novel"
歌迷,gēmí,"lover of song, fan of a singer"
码,mǎ,m.[standard]
声势,shēngshì,"prestige and power, impetus, fame and influence, momentum"
总额,zǒngé,"gross, sum, rental, total, sum total, totality, amount"
闻到,wéndào,"scent, perceive by smelling, wind, nose, smell"
惯例,guànlì,"custom, pattern, practice, manner, tradition, routine, law, wont, habit, codex, ritual, convention, convenance, consuetude, usual practice, rule, use, observance, institution, modus operandi, precedent, conventionality, rite, praxis, natural law"
漠视,mòshì,"treat as unimportant, ignore"
踏入,tàrù,"tread, step, step on"
新闻系,xīnwénxì,Department of Journalism
鹿,lù,"cervine, deer, European elk, elk, moose, Alces alces, cervid"
萧,xiāo,"Xiao, Surname"
谋,móu,"stratagem, plan, scheme, plot, consult, discuss, seek, work for"
谈恋爱,tánliànài,"be courting, court, talk love, woo"
煤,méi,"firing, coal"
日光,rìguāng,"day, visible radiation, daylight, sunlight, sunbeam, light, sunray, lighting, visible light, Nikko"
漠视,mòshì,"treat as unimportant, ignore"
气体,qìtǐ,"exhaust, fume, gaseous, gas, exhaust fumes, pneumatic, gaseity, mofette, fumes"
旅途,lǔtú,"way, travel, route, traveling, travelling, trip, journey"
索引,suǒyǐn,"caption, index"
发炎,fāyán,"inflame, inflammation, inflamed"
创办,chuàngbàn,"found, launch, establishment, set up, establish"
无力感,wúlìgǎn,powerlessness
圣歌,shènggē,"anthem, chorale, hymnody"
解剖,jiěpǒu,dissect
队长,duìzhǎng,"captain, chieftain, skipper, police chief"
新婚,xīnhūn,be newly-married
轻微,qīngwéi,"light, trifling, trivial"
复甦,fùsū,"resuscitate, recover"
债务,zhàiwù,"debt, liabilities"
遍及,biànjí,"extend/spread all over, pervade"
超级市场,chāojíshìchǎng,supermarket
赚取,zhuànqǔ,"procure, gain, make profit, get, acquire, earn"
工读生,gōngdúshēng,reform school student
出租,chūzū,"hire, let, rent"
中风,zhòngfēng,"apoplectic, suffer from a stroke of apoplexy, have a stroke"
生化,shēnghuà,"hydrocortisone, lysine, biosynthesis, calciferol, biogenesis, phenylalanine, amylase, albumin, collagen, lipoprotein, choline, catalase, autolysis, biochemistry, nucleotide, citrin, androsterone, actin, androgen"
文凭,wénpíng,diploma
出租,chūzū,"hire, let, rent"
于,yū,"in, at; to, from, out of, by"
下滑,xiàhuá,"fall, decline, decrease"
趋于,qūyū,"incline to, trend, tend towards, tend"
毛巾,máojīn,"washcloth, flannel, Turkish towel, face towel, face cloth, hand_towel, towel, washrag, napkin, terry towel, hand towel"
蓝天,lántiān,blue sky
声明,shēngmíng,"state, announce"
议论,yìlùn,"debate, discuss"
谴责,qiǎnzé,"condemn, denounce, censure"
蜡烛,làzhú,candle
变更,biàngēng,modification
侦测,zhēncè,"reconnoiter, scout, pry"
城隍爷,chénghuángyé,city god
小屋,xiǎowū,"shiel, hut, shack, cot, little house"
占有,zhànyǒu,"own, have, occupy, hold"
旗,qí,"banner, emblem"
台电,táidiàn,Taiwan Power Company
积,jī,"accumulate, amass, accumulation, store up"
文艺复兴,wényìfùxīng,"renascence, Renaissance, renaissance, revival, rebirth"
生下来,shēngxiàlái,birth
曲折,qūzhé,"tortuous, winding, complicated"
加油站,jiāyóuzhàn,"pit, petrol_station, filling station, gasoline station, filling_station, gas station, gas_station, petrol station"
下滑,xiàhuá,"fall, decline, decrease"
乐队,yuèduì,"orchestra, dance orchestra, dance band, band"
出名,chūmíng,"lend one's name, out, fame, become well-known, become famous, famous, use the name of, be famous, well-known"
化,huà,"melt, dissolve, thaw, digest, remove, burn up, incinerate, disguise"
水沟,shuǐgōu,"slot, waste pipe, runnel, ditch, drainpipe, trough, thank-you-ma'am, racecourse, raceway, drain, gutter"
中古,zhōnggǔ,second-hand
主宰,zhǔzǎi,"dominate, dictate, decide"
玉器,yūqì,"jade object, jadeware, jade article"
主宰,zhǔzǎi,"dominate, dictate, decide"
占有,zhànyǒu,"own, have, occupy, hold"
地盘,dìpán,"site, territory, territory under one's control, domain, turf"
份,fèn,"share, portion"
求助,qiúzhù,"invoke, resort, seek help, recur, bring_in, turn to ... for help, appeal"
老实说,lǎoshíshuō,honestly
忠,zhōng,"loyal, devoted, faithful, honest"
身处,shēnchǔ,"dwell, be (in a certain condition)"
交叉,jiāochā,"cut, alternate, intercross, stagger, decussate, intersect, overlap, overlapping, intersection, cross, crisscross"
年画,niánhuà,"New Year picture, New Year pictures"
自尊,zìzūn,"self-worth, self-regard, pridefulness, pride, self-pride, self-respect, self-importance, self-esteem"
果园,guǒyuán,"arbour, garden, orchard"
有钱人,yǒuqiánrén,"millionaire, wealthy, better-to-do, have, the rich/wealthy, rich person, the wealthy, rich man, capitalist, wealthy man, plutocrat, rich, wealthy person, man of means, the rich"
两旁,liǎngpáng,"both sides, either side"
所在地,suǒzàidì,"site, location, address, presence, place, seat, on-site, locus, locality"
抹,mǒ,"brush/wipe off, exclude"
音节,yīnjié,"syllable, key, pitch"
流,liú,"flow, drift, wander"
弱点,ruòdiǎn,"Achilles' heel, soft spot, failing, weakness"
前锋,qiánfēng,"pack, head, lineman, herald, cutting edge, antecedent"
武装,wǔzhuāng,arm
石化,shíhuà,"lithification, petrification, petrochemical industry, petrifaction"
改组,gǎizǔ,"reorganize, reshuffle"
执,zhí,"hold in hand, persist in, stick to, carry out, implement, direct, manage, catch, capture"
自卑,zìbēi,"feel oneself inferior, have low self-esteem"
占据,zhànjù,"inhabit, occupy, stand, assume, prevail, hold, invade, occupation, take, take up"
牟,móu,Surname
伴奏,bànzòu,accompany (with musical instruments)
交响乐团,jiāoxiǎngyuètuán,"orchestra, symphony_orchestra, symphony orchestra"
步行,bùxíng,"hoof it, tread, ambulate, leg it, foot, pedestrianize, footslog, go on foot"
肝硬化,gānyìnghuà,"cirrhosis of the liver"
何谓,héwèi,"what is, what is the meaning of, what is meant by"
作弊,zuòbì,"indulge in corrupt practices, practise fraud"
占用,zhànyòng,"occupy, take over"
享受到,xiǎngshòudào,be able to enjoy
周恩来,zhōuēnlái,first premier of PRC
改组,gǎizǔ,"reorganize, reshuffle"
西瓜,xīguā,"water melon, watermelon"
佔用,zhànyòng,"occupy, take over"
夸克,kuākè,quark
妓女,jìnǔ,"slattern, bitch, hetaera, tootsie"
哥伦比亚,gēlúnbǐyǎ,"Columbia, Colombia"
副词,fùcí,adverb
迷惑,míhuò,"puzzle, confuse, baffle"
时分,shífēn,time
迷惑,míhuò,"puzzle, confuse, baffle"
迴避,huíbì,"evade, dodge, avoid (meeting sb.)"
副主席,fùzhǔxí,"subchairman, croupier, vice-chairman"
狭小,xiáxiǎo,"narrow and small, narrow"
祭祀,jìsì,offer sacrifices to gods/ancestors
时间表,shíjiānbiǎo,"time_sheet, schedule, timetable, time sheet"
带走,dàizǒu,take away
矩阵,jǔzhèn,"matrix, dot matrix"
祭祀,jìsì,offer sacrifices to gods/ancestors
访谈,fǎngtán,interview
侦测,zhēncè,"reconnoiter, scout, pry"
割,gē,"hack, cut, fissure, slit, crop, slice, mow, carbonado"
贩售,fànshòu,"deal, trade, sell, peddle"
执意,zhíyì,"insist on, be bent on"
托,tuō,"hold in palm, support from under, serve as foil, set off, plead"
副所长,fùsuǒzhǎng,associate head of an institute/etc.
泡茶,pàochá,make tea
设想,shèxiǎng,"imagine, assume, have consideration for"
青花,qīnghuā,blue and white porcelain
规章,guīzhāng,"rules, rule, regulation, regulations, regs, observance"
城墙,chéngqiáng,"enceinte, city wall, rampart"
武装,wǔzhuāng,arm
美德,měidé,"good, virtue, merit, goodness, virture, moral excellence, excellency"
按摩,ànmó,massage
自卑,zìbēi,"feel oneself inferior, have low self-esteem"
流露,liúlù,betray/reveal unintentionally
理事会,lǐshìhuì,"council, board of directors"
爬山,páshān,"mountaineer, climb mountain, climb"
拯救,zhěngjiù,"spare, help, extricate, rescue, save, deliver"
美方,měifāng,"burro, USA authorities"
纪律,jìlù,"disciplinary, discipline, ferule, morale, regime, laws and regulations"
娃娃,wáwá,"mammet, baby, doll, child"
勉励,miǎnlì,"encourage, urge"
按摩,ànmó,massage
流露,liúlù,betray/reveal unintentionally
增资,zēngzī,increase capital
学识,xuéshì,"knowledge, learning, acquisition, reading, acquirement, attainment, literature, scholarly attainments, cognition, erudition, education, acquire, scholarship"
漏洞,lòudòng,"leak, flow, hole, loophole"
营区,yíngqū,post
预见,yūjiàn,"envision, predict, foresee, previse, foreknow, prefigure, envisage"
震动,zhèndòng,"shake, shock, vibrate"
增资,zēngzī,increase capital
忧心,yōuxīn,worried; anxious
应对,yìngduì,"reply, answer"
呕吐,ǒutù,"heave, barf, sick, puke, gag, vomit, cat, upchuck, reject, spew, vomitive, disgorge, bring_up, be sick, regorge, heave_up, throw up"
忧心,yōuxīn,worried; anxious
质问,zhíwèn,"interrogate, bombard, pose, heckle, call to account, inquire, interrogation, oppugn, question, quiz, ask"
驾车,jiàchē,"drive, drive a vehicle, drive a car"
驾,jià,"harness, draw (cart/etc.), drive, pilot, sail"
震动,zhèndòng,"shake, shock, vibrate"
编码,biānmǎ,compile
编班,biānbān,group into classes
纲领,gānglǐng,"summary, creed, programme, political program, political platform, guiding principle, digest, outline, program, platform"
换成,huànchéng,change to
勤劳,qínláo,"hardworking, ply, industrious"
木板,mùbǎn,"batten, deal, board, plank, planch, softwood"
开销,kāixiāo,"disbursal, expense, spending, outlay, disbursement, expense account"
演进,yǎnjìn,"evolve, progress gradually"
催,cuī,"urge, hurry, press, hasten, expedite"
募款,mùkuǎn,"collection, fundraising"
善后,shànhòu,deal with aftermath
复出,fùchū,restart
黑洞,hēidòng,"dark cave/hole, black hole"
演进,yǎnjìn,"evolve, progress gradually"
费时,fèishí,"take time, be time-consuming"
盟军,méngjūn,"Allies Forces, allied forces"
感触,gǎnchù,"feel, texture, sentiment, thoughts and feelings, feeling, tactile property"
就医,jiùyī,seek medical advice
报考,bàokǎo,enter oneself for an examination
节节,jiéjié,"one after another, step by step"
善后,shànhòu,deal with aftermath
燕子,yànzi,"barn_swallow, swallow"
经济学,jīngjìxué,economics
镜,jìng,"mirror, lens, glass"
子公司,zǐgōngsī,"subsidiary company, subsidiary corporation, subcompany, subsidiary"
下台,xiàtái,"fall out of power, leave office, step down from the stage/platform"
打量,dǎliàng,"estimate, conjecture, size up, reckon, look up and down, suppose, give the once over, think, look ... up and down, measure with the eye, give the eye, calculate"
人造,rénzào,"man-made, synthetic, artificial"
方才,fāngcái,"just now, a moment ago, not...until, just, only by"
布置,bùzhì,"dispose, embellish, arrange, set up, lay, assign, fix up, upholster"
手帕,shǒupà,handkerchief
北投,běitóu,Peitou
临,lín,facing
公信力,gōngxìnlì,"trustworthiness, credit"
鹰,yīng,"hawk, eagle, falcon"
浏览,liúlǎn,"thumb, glance, riff, scan, riffle, leaf, riffle through, pass over, browse, dip_into, skim, skim through, run_through, flick, flip, dip into, glance over, peruse"
虽说,suīsuō,"conj.: though, although"
蹲,dūn,"squat on heels, stay"
变异,biànyì,variation
复出,fùchū,restart
翻译,fānyì,"translator, interpreter"
加装,jiāzhuāng,"install, erect, fix, mount"
反驳,fǎnbó,"refute, retort, negate"
旗帜,qízhì,"flag, stand, banner, colors, standard, colours, pennon, ensign, streamer, national flag, rallying point, signal flag"
挤满,jǐmǎn,"swarm, crawl, filled to overflowing, jam, draw together, crowd, crowded, overcrowd, crowd together, throng"
共存,gòngcún,coexist
文革,wéngé,Great Proletarian Cultural Revolution
考古学家,kǎogǔxuéjiā,"archeologist, archaeologist"
主从,zhǔcóng,principal and subordinate
回报,huíbào,"repay, reciprocate, retaliate"
下台,xiàtái,"fall out of power, leave office, step down from the stage/platform"
公用,gōngyòng,be for public use
编班,biānbān,group into classes
升迁,shēngqiān,be transferred and promoted
手表,shǒubiǎo,wristwatch
外地,wàidì,"parts of the country other than where one is, place other than where one is"
代,dài,take the place of
天候,tiānhòu,weather
外头,wàitóu,"outside, out"
升迁,shēngqiān,be transferred and promoted
反驳,fǎnbó,"refute, retort, negate"
前科,qiánkē,"record, record of previous crime, previous criminal record, criminal record"
舌头,shétou5,"lingua, clack, tongue, clapper, ability to talk, glossa, enemy soldier captured to extract inform, enemy soldier captured to extract information, an enemy soldier captured for the purpose of extra"
有机,yǒujī,organic
政坛,zhèngtán,political circles
宣示,xuānshì,"announce, proclaim"
急切,jíqiè,"eager, impatient, in a hurry, in haste"
轨迹,guǐjī,"track, orbit, trail, locus"
东南,dōngnán,"sou'-east, Southeast China, southeast, SE"
迎面,yíngmiàn,"head-on, face-to-face"
休憩,xiūqì,have/take a rest
咦,yí,of surprise/disapproval
套牢,tàoláo,"lock, lock up"
爹,diē,"old man, father, papa, pappa, daddy, pa, pop, dada, dad, pater"
宫廷,gōngtíng,"royal, royal/imperial court, cupbearer, court, royal or imperial court, royal court, imperial court, palace"
砂石车,shāshíchē,sandstone car/truck
限定,xiàndìng,"prescribe limit to, demarcate, specify, qualify, restrict, restriction, set limit to, specialize, prescribe a limit to, prescribe, prescribe/set limit to, set a limit to, restrain, delimitate, define, terminate, ration, determine, limit, delineate, delimit"
庭院,tíngyuàn,"mews, patio, area, court, courtyard, close, cortile, yard, garth, garden"
建立起,jiànlìqǐ,"establish, set up, found"
投下,tóuxià,"throw, drop, sink, fling, overhand"
乱象,luànxiàng,maze
签,qiān,"sign, autograph"
尖锐,jiānruì,"sharp-pointed, sharpen, penetrate, acuminate, shrill, sharp, sharpened, intense, penetrating, piercing, incisive, acute"
列举,lièjǔ,"chronicle, cite item by item, specify, list, marshal, number, enumeration, article, particularize, rehearse, count, recite, enumerate, itemize"
作曲,zuòqǔ,"write music, compose"
波湾,bōwān,Persian Gulf
底层,dǐcéng,"first floor, understratum, bottom, underside, the lowest rung, first, undersurface, underlayer, ground level, ground floor, first/ground floor, substratum, first_floor, basement"
延迟,yánchí,"delay, postpone"
收看,shōukàn,"watch, tune in, watch (e.g., receive, look in, watch (e.g., TV), tune into, TV)"
奔驰,bēnchí,"run quickly, speed"
延迟,yánchí,"delay, postpone"
作曲,zuòqǔ,"write music, compose"
自古以来,zìgǔyǐlái,"from time immemorial, since ancient times"
匈牙利,xiōngyálì,"Hungarian, Hungary"
自行车,zìxíngchē,"two-wheeler, roadster, machine, bicycle, wheel, push-bike, cycle, motorcycle, bike, velocipede"
走廊,zǒuláng,"slype, porch, hallway, foyer, corridor, hall, passageway, gallery, walkway, piazza, vestibule, ambulatory, verandah, alure, passage, aisle"
老太婆,lǎotàipó,"beldame, old_woman, grandam, beldam, old woman, grimalkin"
休憩,xiūqì,have/take a rest
在职,zàizhí,be on the job
高压,gāoyā,"high pressure, high voltage/tension, coercion, tyranny"
基隆市,jīlóngshì,Keelung (city in Taiwan)
砸,zá,"tamp, bungle, failure, fall through, smash, pound, fail, break, be bungled, ram"
排行榜,páihángbǎng,seniority among siblings
问到,wèndào,ask
统筹,tǒngchóu,plan as a whole
闪烁,shǎnshuò,"twinkle, flicker, glisten"
晚,wǎn,m.[standard]
野狼,yěláng,wolf
启动,qǐdòng,start
消费性,xiāofèixìng,consumption
迴响,huíxiǎng,echo
统独,tǒngdú,consolidation and independence
岗位,gāngwèi,"post, station"
假装,jiǎzhuāng,"pretend, feign, simulate"
逃逸,táoyì,"run away, abscond"
急于,jíyū,"anxious, anxious to (do sth.), eager, desperate"
亟待,jídài,earnestly expect
启动,qǐdòng,start
强行,qiángxíng,force
知性,zhīxìng,"intellectuality, nous"
突,tú,"suddenly, abruptly"
排球,páiqiú,volleyball
省下,shěngxià,"make unnecessary, save, save (money)"
套牢,tàoláo,"lock, lock up"
动脉,dòngmài,artery
控告,kònggào,"charge, accuse"
草丛,cǎocóng,thick growth of grass
曹,cáo,Surname
连,lián,"join, link, connect"
副总裁,fùzǒngcái,"veep, vice-president"
退伍,tuìwǔ,be demobilized
渊源,yuānyuán,"origin, source"
茫然,mángrán,"ignorant, in the dark"
从容,cōngróng,"calm, unhurried, leisurely"
统筹,tǒngchóu,plan as a whole
张力,zhānglì,"tensility, tension, strain, pulling force, tensional"
崇高,chónggāo,"lofty, sublime"
婚前,hūnqián,before marriage
过夜,guòyè,"pass the night, stay overnight"
割礼,gēlǐ,circumcision rite
开采,kāicǎi,"mine, extract, exploit"
当面,dāngmiàn,"directly, face_to_face, face to face, in one's presence"
视力,shìlì,"eyeshot, eye, seeing, visual sense, view, beholding, visual perception, vision, visual modality, light, visual sensation, eyesight, sight, sightedness"
罪名,zuìmíng,"charge, accusation"
滑,huá,"slippery, smooth, cunning, crafty"
模具,mójù,"mould, pattern, mold, die, matrix"
开采,kāicǎi,"mine, extract, exploit"
话语,huàyǔ,"utterance, discourse, word, speech, spoken language, endearment, remark"
圣火,shènghuǒ,the holy torch
写字,xiězì,write (characters)
电影院,diànyǐngyuàn,"cinema, movie (house)"
赐,sì,"favor, award, favour, grant"
闰,rùn,intercalate
砖,zhuān,brick
亿,yì,det.: hundred million
踏出,tàchū,stride forward
银,yín,silver
解开,jiěkāi,"unknot, loose, uncouple, unbuckle, unyoke, reel off, disengage, unreel, unloosen, disentwine, detach, untie, unwreathe, unlock, ravel, disentangle, unbraid, unsnarl, unhook, unfasten, unwind, unroll, tease apart, loosen, unhitch, unlace, undone, tease, unwire, uncord, unwrap, unleash, unthread, undo, disassemble, ravel out, disconnect, unlink, sleave, untangle, unpack, puzzle_out, unbend, u"
脸颊,liǎnjiá,cheeks
箱,xiāng,m.[container]
猜测,cāicè,"guess, surmise"
传说,chuánshuō,"it is said, they say"
塞车,sāichē,"jam, traffic jam"
善于,shànyū,"excel, surpass, stand out, be adept in, be good at"
新型,xīnxíng,"pattern, novelty, of new type"
爽,shuǎng,comfortable
督导,dūdǎo,superintend and direct
钙,gài,"atomic number 20, calcium, Ca, calcic"
运动场,yùndòngcháng,"playground, sports, sports ground, ephebeion, athletic ground, course, schoolyard, pavilion, stadium, sports/athletic ground, athletic_field, park"
发布,fābù,"issue, announce"
解散,jiěsàn,"disperse, dismiss, separate, disband, disincorporate, demobilize, disbandment, dissolve, usher out, let, unmerge, dismissal, break_up, demob, dissolution, break up"
游,yóu,"swim, float, travel, rove"
想念,xiǎngniàn,"imagine, long to see again, remember with longing, think_of, miss, yearn"
盏,zhǎn,m.[general]
督导,dūdǎo,superintend and direct
无效,wúxiào,"of/to no avail, null and void"
平和,pínghé,"calm, pacify, composed, moderate, gentle"
平民,píngmín,"vulgus, ragtag, commonality, third estate, plebe, populace, civvy, commoner, common people, rabble, the populace, multitude, ceorl, citizen, commonage, commonalty, common person, mister, roturier, plebeian, people, plebs, democracy, commons, the common people, mass, pleb, civilian, common man"
外资,wàizī,foreign capital
用水,yòngshuǐ,water
不适,búshì,"unwell, indisposed"
日人,rìrén,Japanese
不仅仅,bùjǐnjǐn,not only
听觉,tīngjué,sense of hearing
工商界,gōngshāngjiè,industrial and commercial circles
引述,yǐnshù,"cite, reference, quote, premise"
出局,chūjú,"out, out of game"
骚动,sāodòng,"become restless, disturb, upset"
谜,mí,"puzzler, puzzle, rebus, crux, brain-teaser, mystery, conundrum, riddle, puzzlement, sticker, enigma, parable"
橱窗,chúchuāng,"show/display window, showcase, glass-fronted billboard"
教职,jiàozhí,teaching job
闯,chuǎng,"rush, temper oneself, charge, broke, cause, battle through, break, dash, temper oneself (by battling difficulties)"
讶异,yàyì,be surprised at
警探,jǐngtàn,police detective
天安门,tiānānmén,"Tiananmen Square, Gate of Heavenly Peace, Tiananmen Square (in Beijing), the Gate of Heavenly Peace, Tian An Men"
不许,bùxǔ,can't
荣耀,róngyào,"honor, glory"
稽查,jīchá,check (to prevent smuggling/etc.)
误会,wùhuì,misunderstanding
远方,yuǎnfāng,"distance, beyond, beyondness, distant place, corner"
汉子,hànzi5,"man, johnny, fellow, joker, husband"
庙宇,miàoyǔ,temple
稽查,jīchá,check (to prevent smuggling/etc.)
撒,sā,"drop, throw off all restraint, strow, shower, spill, release, spread, sprinkle, let oneself go, asperse, cast, let out, bestrewn, dredge, sow, scatter, bescatter, let go"
不休,bùxiū,"endlessly, ceaselessly"
化成,huàchéng,"become, resolve, change to"
化,huà,"change, transform, convert"
正常化,zhēngchánghuà,normalize
奶,nǎi,"breasts, milk"
山路,shānlù,"nek, pass, mountain road, mountain trail, ghaut, ghat"
正规,zhèngguī,"regular, standard"
正常化,zhēngchánghuà,normalize
生态系,shēngtàixì,ecosystem
主演,zhǔyǎn,act leading role (in play/film)
紧接着,jǐnjiēzhe5,follow close behind
上天,shàngtiān,"Heaven, heaven, God, Providence"
房舍,fángshè,house
奔波,bēnbō,"rush about, be busy running about"
西藏,xīzàng,Tibet
名家,míngjiā,"virtuoso, a person of academic or artistic distinction, artistic distinction, person of academic, virtuosi, person of academic/artistic distinction, famous expert, master, person of academic distinction, School of Logicians, person of artistic distinction"
告别,gàobié,"valedictory, take_leave, part from, leave, parting, say good-bye to, bid farewell to"
自费,zìfèi,"at one's own expense, be at one's own expense"
同等,tóngděng,"coequal, status, of same rank/status, on an equal footing, on an equal basis, of same class/rank/status, of same class, rank"
病友,bìngyǒu,wardmate
直销,zhíxiāo,sell by manufacturer
附属,fùshǔ,"adjunct, belong, pertain, appertain, affiliated, be attached, attached, adjective, auxiliary, be affiliated, subsidiary"
奔波,bēnbō,"rush about, be busy running about"
查出,cháchū,"find, look_up, smell, investigate, find_out, find out, smoke_out, detect, track_down, smoke out, examine"
流于,liúyú,become
空调,kōngtiáo,"air conditioner, air-conditioning, air-conditioner"
花费,huāfèi,"expenditure, expenses"
省主席,shěngzhǔxí,governor of a province
苦恼,kǔnǎo,"vexed, worried"
拉回,lāhuí,pull back
石器,shíqì,"eolith, stone artifact, stone vessel, artifact, stone implement/artifact, stone implement, stoneware"
延后,yánhòu,"postpone, delay"
陶冶,táoyě,mold/shape character/taste/etc.
奔,bēn,"hurry, rush, be getting on for, head for, flee, run, run quickly, approach, hasten, be getting close to, go straight towards"
缺席,quēxí,be absent (from meeting/etc.)
自豪,zìháo,"pride, pride oneself on"
安养,ānyǎng,"live out life in retirement, provide for the aged"
百分比,bǎifēnbǐ,"percent, per centum, pct, percentage, percent(age)"
助力,zhùlì,"ministry, aid, helping hand, assistance, help, instrumentality"
如是,rúshì,in this way
年初,niánchū,beginning of year
名将,míngjiàng,"famous general, great soldier"
西式,xīshì,"Western, Western style"
良多,liángduō,"very much, numerous"
交通局,jiāotōngjú,Traffic Bureau
使命感,shǐmìnggǎn,mission
注入,zhùrù,"inject, mainline, infuse, teem, impregnate, inflood, implant, pump, pour, funnel, pour into, inspire, pour/empty into, influx, empty into, breathe, empty, immit"
合力,hélì,make concerted efforts
自觉,zìjué,self-awareness/consciousness
白宫,báigōng,White House
陶冶,táoyě,mold/shape character/taste/etc.
疏离,shūlí,estranged
逛街,jiē,"stroll around the street, window-shop"
核,hé,"pit, nuclear, nucleus, nut, sth. resembling a fruit stone, stone, core, nucleolus, hilum, kernel"
草坪,cǎopíng,lawn
航行,hángxíng,"sail, fly"
深切,shēnqiè,"heartfelt, deep, profound"
紮实,zāshí,"sturdy, strong, solid, sound"
偏,piān,be partial to
康熙,kāngxī,"period of emperor Shengzu, K'ang-hsi, period (1662-1723) of emperor Shengzu"
探险,tànxiǎn,"explore, adventure"
讶异,yàyì,be surprised at
妇运,fùyùn,campaign for woman's rights
猜测,cāicè,"guess, surmise"
动辄,dòngzhé,"always, at every turn, frequently, often, easily"
缺席,quēxí,be absent (from meeting/etc.)
看出来,kànchūlái,find out
安养,ānyǎng,"live out life in retirement, provide for the aged"
深山,shēnshān,"romote mountain, remote mountains"
背部,bèibù,"rear, back"
胸部,xiōngbù,"chest, breast, thorax"
急忙,jímáng,"in haste, hurriedly"
明月,míngyuè,"bright moon, legendary luminous pearl"
胡琴,húqín,two-string bowed instruments
顶,dǐng,m.[general]
射箭,shèjiàn,"shoot an arrow, shoot, shoot arrow"
汹湧,xiōngyǒng,"boil, tempestuous, jaw, seethe, tide, billow, popple, turbulent, surge, welter"
射击,shèjí,"shoot, fire"
常务,chángwù,"executive, standing"
高耸,gāosǒng,"stand tall and erect, tower"
叛乱,pànluàn,"mutiny, revolt"
盒子,hézi5,"box, case, casket"
抵制,dǐzhì,boycott
神父,shénfù,"Church Father, father, pastor, soutane, Pere, Padre, padre, Abba, priest, divine, anba, abbe, Father"
疏离,shūlí,estranged
航权,hángquán,air rights
叛乱,pànluàn,"mutiny, revolt"
抵制,dǐzhì,boycott
爱惜,àixí,"cherish, treasure"
预期,yūqí,expectation
预售,yūshòu,sell in advance
堕落,duòluò,"degenerate, sink low"
察觉,chájué,"realize, be aware"
堕落,duòluò,"degenerate, sink low"
睁,zhēng,"open, open (the eyes)"
轮廓,lúnkuò,"outline, contour, rough sketch"
战术,zhànshù,"tactical, war, tactics, military tactics, tactic, swordcraft"
轮到,lúndào,"it will be sb's turn, go, be sb.'s turn to do sth., move"
管理局,guǎnlǐjú,"management, administration, conservancy, management (office)"
机缘,jīyuán,"circumstance, lucky chance, good luck, chance"
称得上,chēngde5shàng,"nominate, can be rated as..."
磨,mó,"grind, mill, turn round/about"
画出,huàchū,paint
台南市,táinánshì,Tainan
说明书,shuōmíngshū,"(technical) manual, (book of) directions, synopsis (of play/etc.)"
极限,jíxiàn,"breaking point, level best, utmost, limit/maximum, maximum, bounds, extreme, limitation, outside, boundary, uttermost, breaking_point, extremity, upper limit, limit"
水晶,shuǐjīng,"quartz, rock crystal, rock_crystal, rhinestone, crystal, pebble"
图书室,túshūshì,"bibliotheca, morgue, library, reading room"
旋转,xuánzhuǎn,"revolve, gyrate, spin"
插入,chārù,insert
勘查,kānchá,"reconnoiter, prospect"
无异,wúyì,"just like, same as"
惹,rě,provoke
跟踪,gēnzōng,track
抢购,qiǎnggòu,rush to purchase
紫外线,zǐwàixiàn,"sunray, ultraviolet radiation, ultraviolet light, ultraviolet illumination, UV, ultraviolet, ultraviolet ray"
饮用,yǐnyòng,drink
无助,wúzhù,"unassisted, helpless"
朝野,cháoyě,"court and commonality, government and public, governing party and opposition"
诚如,chéngrú,"like, as"
过分,guòfèn,"excessively, over-"
喉咙,hóulóng,throat
跟踪,gēnzōng,track
水流,shuǐliú,"water, stream, streams, waters, rivers, current, river, flow"
仙,xiān,"immortal, fairy, celestial being"
必备,bìbèi,"necessary, essential, indispensable, fundamental"
切断,qiēduàn,"sever, shut_off, amputate, disconnect, cut_off, joint, cut off, mutilate, cutting_off, lop, hang_up, interrupt, hang up, guillotine"
回溯,huísù,"dwell, look back upon, harp, turn back, cut back, backdate, trace, flash_back, recall, retroject, retrace, backtrack, double back, flash back"
本钱,běnqián,"principal, capital"
一天到晚,yītiāndàowǎn,all day long
手势,shǒushì,"sign, pantomime, gesticulation, motion, sign_language, gesture, signal"
少量,shǎoliàng,"dribblet, morsel, modicum, scattering, a few, whit, inch, small, daub, det.: a few, slug, element, dash, haet, dearth, fleabite, sprinkle, little, shred, smidgen, soupcon, a little/few, bit, suspicion, mouthful, tot, littleness, trifle, snack, small quantity, spot, few, groat, paucity, nibble, smattering, small amount, ounce, rag, lick, spatter, tad, skerrick, pennyworth, small amount/quanti"
大臣,dàchén,"courtier, court, secretary, referendary, vizier, government minister, viziership, high officials, cabinet ministers, president, chancellor, minister"
兰花,lánhuā,"cymbidium, orchid"
绘制,huìzhì,plot
断层,duàncéng,fault
摆设,bǎishè,furnish and decorate (room)
点子,diǎnzi5,"drop (of liquid), drop, idea, hint, dot, beat (of percussion instruments), beat, spot, key point, speck, pointer"
勘查,kānchá,"reconnoiter, prospect"
担负,dānfù,"bear, shoulder, take on, be charged with"
再一次,zàiyīcì,"once again, over again, again, once_again, once more"
全心,quánxīn,wholeheartedly
标示,biāoshì,label
一齐,yīqí,"simul, in unison, together, simultaneously"
大抵,dàdǐ,"generally speaking, in the main"
下方,xiàfāng,"lower part, downward, this world, downwards"
在在,zàizài,"everywhere, in all aspects"
考卷,kǎojuàn,examination paper
文明,wénmíng,civilized
不约而同,bùyuēértóng,"happen to coincide, coincidentally do sth."
办事,bànshì,"dispose, handle affairs, work"
分别,fēnbié,difference
山坡地,shānpōdì,hillside/sloping land
火力,huǒlì,firepower
市银,shìyín,City Bank
不住,búzhù,endlessly
打仗,dǎzhàng,"fight battle, outplay, war, make war, fight, wage war, battle, go to war"
可恶,kěwù,"hateful, abominable"
心爱,xīnài,"love, treasure"
美容,měiróng,improve looks
面目,miànmù,"honour, countenance, aspect, face, facial_expression, sense of shame, look, appearance, visage, self-respect, features, honor"
到时,dàoshí,"at appointed time, on the occasion"
宫殿,gōngdiàn,"palatium, dome, alcazar, palace"
查报,chábào,check and report
兼差,jiānchāi,"moonlighting, hold two or more posts concurrently, side job"
美洲,měizhōu,"Columbia, American, (continental) America, the Americas, America"
有鑑于此,yǒujiànyūcǐ,"therefore, consequently"
拜会,bàihuì,pay sb. a visit
有形,yǒuxíng,"tangible, visible"
明定,míngdìng,"stipulate, formulate"
突发,túfā,burst out or occur suddenly
查报,chábào,check and report
若非,ruòfēi,conj.: if not for
美容,měiróng,improve looks
某某,mǒumǒu,a certain person
版画,bǎnhuà,"print making, graphic_art, engraving, graphic art, print, woodcut, zincograph, etching, block print"
查缉,cháqì,investigate and seize
老板娘,lǎobǎnniáng,"missis, missus, shopkeeper's wife, proprietress"
预,yū,"in advance, beforehand"
名人,míngrén,"notability, luminary, celebrity, don, celeb, hotshot, lion, famous person, eminent peron, anybody, name, adept, star, figure, man of mark, proficient, performer, personality, social lion, nob, famous peron, guiding light, article, eminent person, boss, famous/eminent person, famous, toff, leading light, notable, swell, personage"
放开,fàngkāi,"set free, release, unhand, let go of, unclinch, unclasp, have a free hand in doing sth., unstop, unloose, slip, let go"
名列,míngliè,be listed/placed
安理会,ānlǐhuì,"Security Council, (U.N.) Security Council"
成见,chéngjiàn,"preconceived notion, preconceived opinion, preconception, prejudice, bias, parti pris, prepossession, preconceived idea"
底片,dǐpiàn,"negative, photographic plate"
合资,hézī,"joint venture, collect money, pool capital, raise funds, enter into partnership"
回升,huíshēng,"rise again (after a fall), pick up"
形容词,xíngróngcí,"attribute, descriptive adjective, adjective, agreement, adverb, qualifying adjective, adjectival, attributive, epithet"
州立,zhōulì,"state, state-established"
序列,xùliè,"alignment, order, sequence, sequence-class, array, consecution"
走近,zǒujìn,approach
免不了,miǎnbùliǎo,unavoidably
扛,kāng,"carry on the shoulder, carry on shoulder, carry together, lift with both hands, shoulder"
尖,jiān,"sharp-pointed, piercing, cuspidal, shrill, sharp"
身分证,shēnfènzhèng,"ID, identity_card, I.D., identification card, identity"
租用,zūyòng,rent (for use)
殷切,yīnqiè,"ardent, eager"
纯真,chúnzhēn,"pure, sincere"
统一,tǒngyī,UNI-PRESIDENT ENTERPRISES CORP
偶然,ǒurán,"accidentally, occasionally"
时,shí,m.[standard]
狭义,xiáyì,narrow sense
扇,shàn,m.[general]
甜蜜,tiánmì,"sweet, happy"
采访,cǎifǎng,interview
租用,zūyòng,rent (for use)
祖父,zǔfù,"grandad, gramps, grandfather, grandsire, (paternal) grandfather, granddad, grandpa, granddaddy"
掌控,zhǎngkòng,control
迷你,mínǐ,mini
查缉,cháqì,investigate and seize
冷战,lěngzhàn,cold war
甜蜜,tiánmì,"sweet, happy"
泉州,quánzhōu,"Chuanchow, Chuanzhou"
洋溢,yángyì,"reek, brim with, be permeated with, overflow"
寄给,jìgěi,send to
杭州,hángzhōu,"Hangchow, Hangzhou, Hangzhou (capital of Zhejiang)"
第一线,dìyīxiàn,"forefront, front/first line"
真心,zhēnxīn,"sincere, genuine, true"
为难,wéinán,"disoblige, feel awkward, make things difficult for, create difficulties, feel embarrassed, embarrass, create difficulties (for sb.), be in a quandary, snarl, torment, bewilder, ride, bewildering"
风采,fēngcǎi,"carriage, graceful bearing, colour, mien, elegant demeanour, literary grace, elegant demeanor"
套,tào,"encase, overlap, interlink, harness, hitch up, model on/after, copy, pump sb. about sth."
甚多,shènduō,"many, much"
排行,páiháng,seniority among siblings
前瞻性,qiánzhānxìng,forward looking
旋转,xuánzhuǎn,"revolve, gyrate, spin"
珊瑚,shānhú,"red coral, precious coral, coralline, coral"
政见,zhèngjiàn,"politics, political sympathies, political view"
拜会,bàihuì,pay sb. a visit
放过,fàngguò,"let off, let slip, forgive, let off/slip, slip"
炫耀,xuànyào,"show_off, prank, flourish, boast, show off, strut, sport, splurge, swank, flaunt, make a display of, feature, brandish, flash"
团长,tuánzhǎng,"head of delegation, regimental commander, head of troupe/etc., chief of a delegation, head of a troupe, troupe, head of delegation/troupe/etc., chairman of a delegation, chief of a troupe, colonel, head of a delegation, etc."
遥测,yáocè,telemeter
确切,quèqiè,"correct, accurate, clear and unambiguous, precise, exact, definite, tangible"
调查员,diàocháyuán,"surveyor, agent, investigator, federal agent"
调降,tiáojiàng,lower (price/volume/etc.)
论述,lùnshù,exposition and argumentation
遣返,qiǎnfǎn,repatriate
弹琴,tánqín,"play stringed instrument, pluck, play, play keyboard instrument, play stringed, keyboard instrument"
殴打,ōudǎ,"beat up, come to blows"
踏实,tàshí,"dependable, at ease, solid"
钢筋,gāngjīn,steel reinforcing bar
电路,diànlù,(electric) circuit
敷衍,fūyǎn,"elaborate, fudge, treat sb. lightly, treat sb. lightly/flippantly, treat sb. flippantly, expound, perfunctory, flippantly, elaboration, go through the motions, be perfunctory, irresponsible, skimp along, skimp along (in a task)"
福尔摩沙,fúěrmóshā,Formosa
遣返,qiǎnfǎn,repatriate
拥,yǒng,"embrace, hold"
说词,shuōcí,excuse
提报,tíbào,report
电器,diànqì,electrical equipment/appliance
解答,jiědá,"answer, explain"
艺廊,yìláng,art gallery
暴涨,bàozhǎng,rise suddenly and sharply (of floods/prices/etc.)
爱乐,àiyuè,philharmonic
溪水,xīshuǐ,"rivulet, mountain stream"
躲避,duǒbì,"hide (oneself), elude, dodge"
傻,shǎ,"stupid, muddleheaded, stunned, silly"
抢救,qiǎngjiù,rush to save
落伍,luòwǔ,"straggle, drop out, be outdated"
过日子,guòrìzi5,"live, get along, practice economy"
黄河,huánghé,Yellow River
声望,shēngwàng,"mana, celebrity, character, prestige, odour, repute, fame, name, prestigiousness, caste, renown, reputation, popularity"
尊,zūn,m.[general]
催眠,cuīmián,"lull, hypnotize, mesmerize, hypnotic, lull (to sleep)"
笔触,bǐchù,"brush stroke in Ch. painting and calligraphy, brushwork, style of drawing/writing"
落伍,luòwǔ,"straggle, drop out, be outdated"
抢救,qiǎngjiù,rush to save
厨师,chúshī,"cook, chef"
殴打,ōudǎ,"beat up, come to blows"
庆幸,qìngxìng,rejoice at a good outcome
款项,kuǎnxiàng,"a sum of money, fund"
引诱,yǐnyòu,"lure, seduce"
刀,dāo,m.[standard]
山羊,shānyáng,goat
子宫,zǐgōng,"venter, womb, belly, wame, uterus, uterine, matrix"
用人,yòngrén,"make use of personnel, employ people"
上岸,shàngàn,"set ashore, set down, go ashore, shore, debark, disembark, land"
公克,gōngkè,m.[standard]
引诱,yǐnyòu,"lure, seduce"
才艺,cáiyì,"accomplishment, talent and skill, perfection, acquire"
不便,búbiàn,"inconveniently, inappropriately"
水墨画,shuǐmòhuà,"wash painting, wash_drawing, ink and wash"
反对党,fǎnduìdǎng,"enemy, opponent, opposition, opposition party, the Opposition, foeman, the opposition, foe"
生产线,shēngchǎnxiàn,"assembly line, line, production line, production_line, assemble line"
地质,dìzhí,geology
渡,dù,"cross (river/sea/etc.), tide over, ferry across"
继而,jìér,"then, afterwards"
触角,chùjiǎo,"antenna, feeler"
关岛,guāndǎo,Guam
读到,dúdào,read
礼品,lǐpǐn,"present, beneficence, gift"
中文系,zhōngwénxì,Chinese Literature Department
犯错,fàncuò,"make mistake, err"
刘邦,liúbāng,"founder of Han Dynasty, reigned as Gaozu"
获悉,huòxī,"have, understand, get_onto, learn, learn (of an event)"
获准,huòzhǔn,"get_into, obtain permission"
获益,huòyì,"be benefited, obtain profit, profit by, benefit, do good, benefit from"
遥测,yáocè,telemeter
外套,wàitào,"stragulum, overclothes, outerwear, pall, surcoat, overcoat, loose coat, greatcoat, manta, outer garment, topcoat, coat, bolero, lagging, benny"
二胡,èrhú,alto fiddle
用处,yòngchù,"use, value, practical application, function, purpose, point, usefulness, mileage, role"
十二指肠,shíèrzhǐcháng,duodenum
上当,shàngdàng,"be duped, be taken in, get_stuck, be fooled, be tricked"
暴涨,bàozhǎng,rise suddenly and sharply (of floods/prices/etc.)
牛郎,nióuláng,"cowpuncher, cowboy, broncobuster, the cowherd in the legend ""the Cowherd and Girl We, legendary Cowherd"
刊出,kānchū,publish
共通,gòngtōng,"all, applicable to all, applicable to both, applicable to both/all"
用具,yòngjù,"kit, thing, fixing, tool, apparatus, appliance, instrument, outfitting, fitting, tackle, implement, utensil, outfit"
失调,shītiáo,"lose balance, dislocate"
左右,zuǒyòu,"master, control, influence"
比喻,bǐyū,"metaphor, analogy"
犯错,fàncuò,"make mistake, err"
倒楣,dǎoméi,"be out of luck, be unlucky"
争吵,zhēngchǎo,"quarrel, wrangle"
孤儿,gūér,orphan
并发症,bìngfāzhèng,syndrome
印制,yìnzhì,"character, print"
吃到,chīdào,"taste, eat"
求职,qiúzhí,seek for job
海鲜,hǎixiān,seafood
降落,jiàngluò,"descend, land, drop (in water level, etc.)"
求职,qiúzhí,seek for job
波及,bōjí,"affect, spread to"
收,shōu,"collect, gather"
科学院,kēxuéyuàn,"Chinese Academy of Sciences, Academy of Science, academy of sciences"
信箱,xìnxiāng,"post-office box, mailbox, letter_box, letter box, postbox, box"
降落,jiàngluò,"descend, land, drop (in water level, etc.)"
室友,shìyǒu,"housemate, chum, roommate, chummy, roomie"
招募,zhāomù,"recruit, enlist"
保密,bǎomì,"maintain secrecy, hide, conceal, keep sth. secret, keep secret, hold_back"
版面,bǎnmiàn,"typeface, layout/makeup of printed sheet, layout, page, layout of printed sheet, makeup of printed sheet, space of a whole page"
秉持,bǐngchí,hold (a conviction/attitude)
皇室,huángshì,"imperial family/house, royalty, imperial house, royal_family, imperial family, royal house, royal line, house, royal family"
受骗,shòupiàn,"be taken in, be fooled, be cheated, be deceived, bite"
属下,shǔxià,subordinate
刑事,xíngshì,"criminal, penal"
居家,jūjiā,be at home
阳,yáng,"positive/active/male principle in nature, sun, south of a hill, north of a river, male genitals"
良知,liángzhī,"sense of right and wrong, innate knowledge, intuitive knowledge, conscience, understanding friend, moral consciousness, moral sense, scruples"
成名,chéngmíng,"become famous, make name for oneself"
划船,huáchuán,paddle/row boat
成名,chéngmíng,"become famous, make name for oneself"
困惑,kùnhuò,"perplexed, puzzled"
灰,huī,"ash, dust"
有情,yǒuqíng,"warm, affectionate, endowed with feeling/sentience"
肝病,gānbìng,"liverish, liver disease"
吃饱,chībǎo,eat one's fill
伴侣,bànlǔ,"companion, mate, helpmate, coachfellow, familiar, partner, fere, company"
地处,dìchǔ,be situated/located
困惑,kùnhuò,"perplexed, puzzled"
光电,guāngdiàn,photoelectricity
划船,huáchuán,paddle/row boat
企图,qìtú,attempt
杜鹃,dùjuān,cuckoo
高昂,gāoáng,"held high (head/etc.), high, elated, exalted"
鬼神,guǐshén,supernatural beings
讨,tǎo,"demand, dun, marry (a woman)"
愉悦,yūyuè,"cheerful, delighted"
清楚,qīngchǔ,understand clearly
国宝,guóbǎo,national treasure
消逝,xiāoshì,"die/fade away, vanish, elapse"
逃走,táozǒu,"run away, flee"
高空,gāokōng,"high altitude, upper air"
这样一来,zhèyàngyīlái,thus
趁着,chènzhe5,while
密,mì,"dense, thick, intimate, close"
梅花,méihuā,"plum blossom, clubs (on playing cards), wintersweet"
软片,ruǎnpiàn,film (in a roll)
乾乾淨淨,gāngānjìngjìng,"clean, neat and tidy"
运送,yùnsòng,"transport, convey"
眉毛,méimáo,"eyebrow, brow"
帛琉,bóliú,Palau
专柜,zhuānguì,shoppe
迫不及待,pòbùjídài,too impatient to wait
俱,jù,"all, everyone"
跑道,pǎodào,"track, lane, starting-rail, runway, course, chicane, tract, racetrack, racecourse, raceway"
专程,zhuānchéng,special trip
招募,zhāomù,"recruit, enlist"
唇,chún,lip
花儿,huāér,"flower, NW China festival folk songs, flowers"
争吵,zhēngchǎo,"quarrel, wrangle"
波及,bōjí,"affect, spread to"
美味,měiwèi,"delicious, dainty"
为限,wéixiàn,"be within the limit of, as limit"
责任感,zérèngǎn,sense of responsibility/duty
愉悦,yūyuè,"cheerful, delighted"
纺织,fǎngzhī,"spinning and weaving, textile"
淡水河,dànshuǐhé,Tamsui River
衰,shuāi,"decline, wane"
脱颖而出,tuōyǐngérchū,"stand out, leap out, come to the fore, jump out, jump, show itself"
晒,shài,"air, cold-shoulder, soak up sun, sun-dry, shine on, sun upturned soil"
扫描器,sǎomiáoqì,scanner
捷克,jiékè,Czechoslovakia
纺织,fǎngzhī,"spinning and weaving, textile"
掩饰,yǎnshì,"cover up, gloss over"
满满,mǎnmǎn,filled to capacity
机组,jīzǔ,"crew, flight crew, set, unit"
迟到,chídào,"tardy, be late, arrive late, be/come/arrive late, come, late, come/arrive late, be"
缔造,dìzào,"found, create"
谋求,móuqiú,"go for, be in quest of, seek to gain, strive for, endeavor, try for, seek"
操纵,cāozòng,"operate, control, rig, manipulate"
幕,mù,"curtain, screen, tent"
嘴唇,zuǐchún,"lip, lips, kisser"
赌,dǔ,"gamble, bet"
压低,yādī,"weight down, lower (voice/etc.)"
盘子,pánzi5,"plate, pan, salver, bowl, dish, tray"
实况,shíkuàng,actual situation/happening
歌星,gēxīng,singing star
数值,shùzhí,"numerical value, amount, number"
意图,yìtú,intent
导盲犬,dǎomángquǎn,guide dog
裤子,kùzi5,"breeches, pant, unmentionables, britches, trouser, continuation, breeks, bags, unmentionable, inexpressible, pants, pantaloon, trousers"
学运,xuéyùn,student movement
感伤,gǎnshāng,"be sad, be sentimental"
装修,zhuāngxiū,"repair, renovate (house/etc.), decorate, renovate (house, etc.), renovate, furnish, renovation, fit up"
反共,fǎngòng,"anti-communist, anticommunism"
水域,shuǐyū,"water, waters, water area, body of water"
复健,fùjiàn,rehabilitate
传入,chuánrù,import
董监事,dǒngjiānshì,director and member of supervisory board
新庄,xīnzhuāng,Hsin Chuang
感伤,gǎnshāng,"be sad, be sentimental"
意味,yìwèi,"meaning, significance, implication, interest, overtone, flavor"
奖品,jiǎngpǐn,"accolade, gainings, trophy, award, prize, prix, gree"
精品,jīngpǐn,"plum, showpiece, fine work, quality goods, top quality article, article of fine quality"
废物,fèiwù,"crap, plug, wastage, dreg, crock, garbage, weed, riffraff, obsolete, ejecta, trashery, rubbish, trash, cur, chaff, offal, food waste, recrement, rejectamenta, waste matter, lumber, sullage, write-off, waste material, sordes, dud, good-for-nothing, black sheep, culch, ruck, wastefulness, slag, scapegrace, dissipation, cultch, raffle, flotsam, dreck, off-scum, no-account, waste, offscouring"
截,jié,m.[proximation]
德国人,déguórén,German
预赛,yūsài,preliminary contest
缔造,dìzào,"found, create"
疗效,liáoxiào,curative effect
嫌疑,xiányí,"cloud, suspicion"
声浪,shēnglàng,clamor
巨星,jùxīng,"giant, giant star, superstar"
生计,shēngjì,"livelihood, keep, gelt, means of livelihood, bread and butter, maintenance, life, shekels, subsistence, support, lucre, dinero, dough, bread, moolah, cabbage, kale, pelf, loot, sustenance, living"
申办,shēnbàn,apply for
体坛,tǐtán,sports circles
宝岛,bǎodǎo,"treasured island, Taiwan"
礼服,lǐfú,"ceremonial robe, plumage, trappings, ceremonial dress, tux, robe, full_dress, black tie, full dress, gown, ceremonial robe or dress, dress, ball gown, dinner jacket, vestment, ceremonial robe/dress, formal attire, tuxedo, full-dress"
归来,guīlái,"come back, be back, return, go back to"
必要性,bìyàoxìng,"essentialness, essentiality, necessity"
扩建,kuòjiàn,extend (factory/mine/etc.)
不幸,búxìng,misfortune
续集,xùjí,"continuation (of a book), sequel"
猎物,lièwù,"bag, game, quarry, venery, prey"
转机,zhuǎnjī,turn for better
籤,qiān,lot
摄影师,shèyǐngshī,"photographer, cameraman"
罗浮宫,luófúgōng,Louvre_Museum
开战,kāizhàn,"make war, battle against"
罐头,guàntóu,"tin, can, canned goods"
生平,shēngpíng,"life, all one's life, all one's life (of deceased)"